<application>
  <component name="ProjectJdkTable">
    <jdk version="2">
      <name value="Python 3.7" />
      <type value="Python SDK" />
      <version value="Python 3.7.4" />
      <homePath value="/usr/local/bin/python3.7" />
      <roots>
        <classPath>
          <root type="composite">
            <root url="file://$USER_HOME$/spark/python" type="simple" />
            <root url="file:///usr/local/bin" type="simple" />
            <root url="file:///Library/Frameworks/Python.framework/Versions/3.7/lib/python3.7" type="simple" />
            <root url="file:///Library/Frameworks/Python.framework/Versions/3.7/lib/python3.7/lib-dynload" type="simple" />
            <root url="file://$USER_HOME$/Library/Python/3.7/lib/python/site-packages" type="simple" />
            <root url="file:///Library/Frameworks/Python.framework/Versions/3.7/lib/python3.7/site-packages" type="simple" />
            <root url="file://$USER_HOME$/Library/Caches/JetBrains/PyCharmCE2020.2/python_stubs/-1199943126" type="simple" />
            <root url="file://$APPLICATION_HOME_DIR$/plugins/python-ce/helpers/python-skeletons" type="simple" />
            <root url="file://$APPLICATION_HOME_DIR$/plugins/python-ce/helpers/typeshed/stdlib/3.7" type="simple" />
            <root url="file://$APPLICATION_HOME_DIR$/plugins/python-ce/helpers/typeshed/stdlib/3" type="simple" />
            <root url="file://$APPLICATION_HOME_DIR$/plugins/python-ce/helpers/typeshed/stdlib/2and3" type="simple" />
            <root url="file://$APPLICATION_HOME_DIR$/plugins/python-ce/helpers/typeshed/third_party/3" type="simple" />
            <root url="file://$APPLICATION_HOME_DIR$/plugins/python-ce/helpers/typeshed/third_party/2and3" type="simple" />
          </root>
        </classPath>
        <sourcePath>
          <root type="composite" />
        </sourcePath>
      </roots>
      <additional />
    </jdk>
    <jdk version="2">
      <name value="Poetry (search_abandonment)" />
      <type value="Python SDK" />
      <version value="Python 3.7.4" />
      <homePath value="$USER_HOME$/Documents/code/customer-journey/search_abandonment/.venv/bin/python" />
      <roots>
        <classPath>
          <root type="composite">
            <root url="file://$USER_HOME$/spark/python" type="simple" />
            <root url="file://$USER_HOME$/Documents/code/customer-journey/search_abandonment/.venv/bin" type="simple" />
            <root url="file:///Library/Frameworks/Python.framework/Versions/3.7/lib/python3.7" type="simple" />
            <root url="file:///Library/Frameworks/Python.framework/Versions/3.7/lib/python3.7/lib-dynload" type="simple" />
            <root url="file://$USER_HOME$/Documents/code/customer-journey/search_abandonment/.venv/lib/python3.7/site-packages" type="simple" />
            <root url="file://$USER_HOME$/Documents/code/customer-journey/core_package" type="simple" />
            <root url="file://$USER_HOME$/Library/Caches/JetBrains/PyCharmCE2020.2/python_stubs/1264376977" type="simple" />
            <root url="file://$APPLICATION_HOME_DIR$/plugins/python-ce/helpers/python-skeletons" type="simple" />
            <root url="file://$APPLICATION_HOME_DIR$/plugins/python-ce/helpers/typeshed/stdlib/3.7" type="simple" />
            <root url="file://$APPLICATION_HOME_DIR$/plugins/python-ce/helpers/typeshed/stdlib/3" type="simple" />
            <root url="file://$APPLICATION_HOME_DIR$/plugins/python-ce/helpers/typeshed/stdlib/2and3" type="simple" />
            <root url="file://$APPLICATION_HOME_DIR$/plugins/python-ce/helpers/typeshed/third_party/3" type="simple" />
            <root url="file://$APPLICATION_HOME_DIR$/plugins/python-ce/helpers/typeshed/third_party/2and3" type="simple" />
          </root>
        </classPath>
        <sourcePath>
          <root type="composite" />
        </sourcePath>
      </roots>
      <additional ASSOCIATED_PROJECT_PATH="$USER_HOME$/Documents/code/customer-journey/search_abandonment" IS_POETRY="true" />
    </jdk>
    <jdk version="2">
      <name value="Poetry (navigation)" />
      <type value="Python SDK" />
      <version value="Python 3.6.8" />
      <homePath value="$USER_HOME$/Documents/code/customer-journey/navigation/.venv/bin/python" />
      <roots>
        <classPath>
          <root type="composite">
            <root url="file://$USER_HOME$/spark/python" type="simple" />
            <root url="file://$USER_HOME$/Documents/code/customer-journey/navigation/.venv/bin" type="simple" />
            <root url="file://$USER_HOME$/.pyenv/versions/3.6.8/lib/python3.6" type="simple" />
            <root url="file://$USER_HOME$/.pyenv/versions/3.6.8/lib/python3.6/lib-dynload" type="simple" />
            <root url="file://$USER_HOME$/Documents/code/customer-journey/navigation/.venv/lib/python3.6/site-packages" type="simple" />
            <root url="file://$USER_HOME$/Documents/code/customer-journey/core_package" type="simple" />
            <root url="file://$USER_HOME$/Library/Caches/JetBrains/PyCharmCE2020.2/python_stubs/1488688825" type="simple" />
            <root url="file://$APPLICATION_HOME_DIR$/plugins/python-ce/helpers/python-skeletons" type="simple" />
            <root url="file://$APPLICATION_HOME_DIR$/plugins/python-ce/helpers/typeshed/stdlib/3" type="simple" />
            <root url="file://$APPLICATION_HOME_DIR$/plugins/python-ce/helpers/typeshed/stdlib/2and3" type="simple" />
            <root url="file://$APPLICATION_HOME_DIR$/plugins/python-ce/helpers/typeshed/third_party/3" type="simple" />
            <root url="file://$APPLICATION_HOME_DIR$/plugins/python-ce/helpers/typeshed/third_party/2and3" type="simple" />
          </root>
        </classPath>
        <sourcePath>
          <root type="composite" />
        </sourcePath>
      </roots>
      <additional IS_POETRY="true" />
    </jdk>
    <jdk version="2">
      <name value="Poetry (settings-yaml)" />
      <type value="Python SDK" />
      <version value="Python 3.7.4" />
      <homePath value="$USER_HOME$/Documents/code/test/settings-yaml/.venv/bin/python" />
      <roots>
        <classPath>
          <root type="composite">
            <root url="file://$USER_HOME$/spark/python" type="simple" />
            <root url="file://$USER_HOME$/Documents/code/test/settings-yaml/.venv/bin" type="simple" />
            <root url="file:///Library/Frameworks/Python.framework/Versions/3.7/lib/python3.7" type="simple" />
            <root url="file:///Library/Frameworks/Python.framework/Versions/3.7/lib/python3.7/lib-dynload" type="simple" />
            <root url="file://$USER_HOME$/Documents/code/test/settings-yaml/.venv/lib/python3.7/site-packages" type="simple" />
            <root url="file://$USER_HOME$/Library/Caches/JetBrains/PyCharmCE2020.2/python_stubs/975128539" type="simple" />
            <root url="file://$APPLICATION_HOME_DIR$/plugins/python-ce/helpers/python-skeletons" type="simple" />
            <root url="file://$APPLICATION_HOME_DIR$/plugins/python-ce/helpers/typeshed/stdlib/3.7" type="simple" />
            <root url="file://$APPLICATION_HOME_DIR$/plugins/python-ce/helpers/typeshed/stdlib/3" type="simple" />
            <root url="file://$APPLICATION_HOME_DIR$/plugins/python-ce/helpers/typeshed/stdlib/2and3" type="simple" />
            <root url="file://$APPLICATION_HOME_DIR$/plugins/python-ce/helpers/typeshed/third_party/3" type="simple" />
            <root url="file://$APPLICATION_HOME_DIR$/plugins/python-ce/helpers/typeshed/third_party/2and3" type="simple" />
          </root>
        </classPath>
        <sourcePath>
          <root type="composite" />
        </sourcePath>
      </roots>
      <additional ASSOCIATED_PROJECT_PATH="$USER_HOME$/Documents/code/test/settings-yaml" IS_POETRY="true" />
    </jdk>
  </component>
</application>