<keymap version="1" name="macOS copy" parent="Mac OS X 10.5+">
  <action id="ActivateVersionControlToolWindow">
    <keyboard-shortcut first-keystroke="meta 9" />
    <keyboard-shortcut first-keystroke="meta #10000e7" />
  </action>
  <action id="CommentByLineComment">
    <keyboard-shortcut first-keystroke="meta slash" />
    <keyboard-shortcut first-keystroke="meta divide" />
    <keyboard-shortcut first-keystroke="meta colon" />
  </action>
  <action id="ExpandAllToLevel1">
    <keyboard-shortcut first-keystroke="meta alt multiply" second-keystroke="1" />
    <keyboard-shortcut first-keystroke="meta alt multiply" second-keystroke="numpad1" />
    <keyboard-shortcut first-keystroke="meta ampersand" />
  </action>
  <action id="ExpandAllToLevel2">
    <keyboard-shortcut first-keystroke="meta alt multiply" second-keystroke="2" />
    <keyboard-shortcut first-keystroke="meta alt multiply" second-keystroke="numpad2" />
    <keyboard-shortcut first-keystroke="meta #10000e9" />
  </action>
  <action id="ExpandAllToLevel3">
    <keyboard-shortcut first-keystroke="meta alt multiply" second-keystroke="3" />
    <keyboard-shortcut first-keystroke="meta alt multiply" second-keystroke="numpad3" />
    <keyboard-shortcut first-keystroke="meta quotedbl" />
  </action>
  <action id="ExpandAllToLevel4">
    <keyboard-shortcut first-keystroke="meta alt multiply" second-keystroke="4" />
    <keyboard-shortcut first-keystroke="meta alt multiply" second-keystroke="numpad4" />
    <keyboard-shortcut first-keystroke="meta quote" />
  </action>
  <action id="ExpandAllToLevel5">
    <keyboard-shortcut first-keystroke="meta alt multiply" second-keystroke="5" />
    <keyboard-shortcut first-keystroke="meta alt multiply" second-keystroke="numpad5" />
    <keyboard-shortcut first-keystroke="meta left_parenthesis" />
  </action>
  <action id="ExpandToLevel1">
    <keyboard-shortcut first-keystroke="meta multiply" second-keystroke="1" />
    <keyboard-shortcut first-keystroke="meta multiply" second-keystroke="numpad1" />
    <keyboard-shortcut first-keystroke="shift meta ampersand" />
  </action>
  <action id="ExpandToLevel2">
    <keyboard-shortcut first-keystroke="meta multiply" second-keystroke="2" />
    <keyboard-shortcut first-keystroke="meta multiply" second-keystroke="numpad2" />
    <keyboard-shortcut first-keystroke="shift meta #10000e9" />
  </action>
  <action id="HideActiveWindow">
    <keyboard-shortcut first-keystroke="shift escape" />
    <keyboard-shortcut first-keystroke="meta h" />
  </action>
  <action id="Images.Editor.ToggleGrid" />
  <action id="MethodDown">
    <keyboard-shortcut first-keystroke="meta alt down" />
  </action>
  <action id="MethodUp">
    <keyboard-shortcut first-keystroke="meta alt up" />
  </action>
  <action id="NextOccurence" />
  <action id="PreviousOccurence" />
</keymap>