<profile version="1.0">
  <option name="myName" value="Default" />
  <inspection_tool class="PyMissingOrEmptyDocstringInspection" enabled="true" level="WEAK WARNING" enabled_by_default="true" />
  <inspection_tool class="PyUnresolvedReferencesInspection" enabled="true" level="WARNING" enabled_by_default="true">
    <option name="ignoredIdentifiers">
      <list>
        <option value="search_abandonment.settings.*" />
        <option value="PARSER" />
      </list>
    </option>
  </inspection_tool>
</profile>